"customer_id","customer_name","total_amount","city","district","country"
148,"Eleanor Hunt",211.55,"Saint-Denis","Saint-Denis","Runion"
526,"Karl Seal",208.58,"Cape Coral","Florida","United States"
178,"Marion Snyder",194.61,"Santa Brbara dOeste","So Paulo","Brazil"
137,"Rhonda Kennedy",191.62,"Apeldoorn","Gelderland","Netherlands"
144,"Clara Shaw",189.60,"Molodetno","Minsk","Belarus"
459,"Tommy Collazo",183.63,"Qomsheh","Esfahan","Iran"
181,"Ana Bradley",167.67,"Memphis","Tennessee","United States"
410,"Curtis Irby",167.62,"Richmond Hill","Ontario","Canada"
236,"Marcia Dean",166.61,"Tanza","Southern Tagalog","Philippines"
403,"Mike Way",162.67,"Valparai","Tamil Nadu","India"
522,"Arnold Havens",161.68,"Santa Rosa","Southern Tagalog","Philippines"
469,"Wesley Bull",158.65,"Ourense (Orense)","Galicia","Spain"
470,"Gordon Allard",157.69,"Hodeida","Hodeida","Yemen"
373,"Louis Leone",156.66,"Tanauan","Southern Tagalog","Philippines"
259,"Lena Jensen",154.70,"Halisahar","West Bengali","India"
468,"Tim Cary",154.66,"Bijapur","Karnataka","India"
462,"Warren Sherrod",152.69,"Usolje-Sibirskoje","Irkutsk","Russian Federation"
372,"Steve Mackenzie",152.68,"Probolinggo","East Java","Indonesia"
187,"Brittany Riley",151.73,"Sumy","Sumy","Ukraine"
550,"Guy Brownlee",151.69,"Zhoushan","Zhejiang","China"
176,"June Carroll",151.68,"Skikda","Skikda","Algeria"
532,"Neil Renner",149.69,"Cam Ranh","Khanh Hoa","Vietnam"
75,"Tammy Sanders",149.61,"Changhwa","Changhwa","Taiwan"
209,"Tonya Chapman",147.71,"Bhilwara","Rajasthan","India"
26,"Jessica Hall",146.68,"Citt del Vaticano","","Holy See (Vatican City State)"
86,"Jacqueline Long",146.68,"Songkhla","Songkhla","Thailand"
21,"Michelle Clark",146.68,"Tangail","Dhaka","Bangladesh"
211,"Stacey Montgomery",146.67,"Fuyu","Jilin","China"
346,"Arthur Simpkins",145.70,"Maikop","Adygea","Russian Federation"
366,"Brandon Huey",145.64,"Balikesir","Balikesir","Turkey"
50,"Diane Collins",144.70,"Omdurman","Khartum","Sudan"
360,"Ralph Madrigal",144.68,"Arecibo","Arecibo","Puerto Rico"
348,"Roger Quintanilla",144.66,"Hsichuh","Taipei","Taiwan"
513,"Duane Tubbs",143.70,"Yangor","","Nauru"
454,"Alex Gresham",143.68,"Uruapan","Michoacn de Ocampo","Mexico"
347,"Ryan Salisbury",142.70,"Daugavpils","Daugavpils","Latvia"
390,"Shawn Heaton",142.69,"Nakhon Sawan","Nakhon Sawan","Thailand"
267,"Margie Wade",142.67,"Lengshuijiang","Hunan","China"
257,"Marsha Douglas",142.66,"Beira","Sofala","Mozambique"
39,"Debra Nelson",141.71,"Vila Velha","Esprito Santo","Brazil"
78,"Lori Wood",141.69,"Rae Bareli","Uttar Pradesh","India"
362,"Nicholas Barfield",140.69,"Belm","Par","Brazil"
363,"Roy Whiting",139.72,"Nyeri","Central","Kenya"
368,"Harry Arce",139.69,"Najafabad","Esfahan","Iran"
119,"Sherry Marshall",139.69,"Shubra al-Khayma","al-Qalyubiya","Egypt"
66,"Janice Ward",139.67,"Malm","Skne ln","Sweden"
237,"Tanya Gilbert",138.69,"Naju","Chollanam","South Korea"
29,"Angela Hernandez",138.65,"Shimonoseki","Yamaguchi","Japan"
87,"Wanda Patterson",137.72,"Sincelejo","Sucre","Colombia"
80,"Marilyn Ross",137.70,"Ife","Oyo & Osun","Nigeria"
439,"Alexander Fennell",137.67,"Bergamo","Lombardia","Italy"
558,"Jimmie Eggleston",135.72,"Wroclaw","Dolnoslaskie","Poland"
494,"Ramon Choate",135.70,"Robamba","Chimborazo","Ecuador"
576,"Morris Mccarter",135.68,"Fengshan","Kaohsiung","Taiwan"
591,"Kent Arsenault",134.73,"Juiz de Fora","Minas Gerais","Brazil"
467,"Alvin Deloach",134.72,"Cuauhtmoc","Chihuahua","Mexico"
479,"Zachary Hite",134.71,"Akron","Ohio","United States"
120,"Sylvia Ortiz",134.70,"Dos Quebradas","Risaralda","Colombia"
210,"Ella Oliver",134.70,"Aden","Aden","Yemen"
204,"Rosemary Schmidt",134.69,"Usak","Usak","Turkey"
15,"Helen Harris",134.68,"Bhopal","Madhya Pradesh","India"
5,"Elizabeth Brown",134.65,"Nantou","Nantou","Taiwan"
349,"Joe Gilliland",133.72,"Imus","Southern Tagalog","Philippines"
404,"Stanley Scroggins",133.71,"Omiya","Saitama","Japan"
172,"Bernice Willis",133.70,"Batman","Batman","Turkey"
197,"Sue Peters",133.68,"Changzhou","Jiangsu","China"
265,"Jennie Terry",132.72,"Olomouc","Severn Morava","Czech Republic"
533,"Jessie Milam",132.70,"Binzhou","Shandong","China"
380,"Russell Brinson",132.65,"Tychy","Slaskie","Poland"
472,"Greg Robins",131.74,"Nam Dinh","Nam Ha","Vietnam"
13,"Karen Jackson",131.73,"Osmaniye","Osmaniye","Turkey"
46,"Catherine Campbell",131.69,"Moscow","Moscow (City)","Russian Federation"
125,"Ethel Webb",131.69,"Boksburg","Gauteng","South Africa"
3,"Linda Williams",130.76,"Athenai","Attika","Greece"
273,"Priscilla Lowe",130.72,"Salamanca","Guanajuato","Mexico"
7,"Maria Miller",130.72,"Kragujevac","Central Serbia","Yugoslavia"
502,"Brett Cornwell",130.70,"Siliguri (Shiliguri)","West Bengali","India"
566,"Casey Mena",130.68,"Tokat","Tokat","Turkey"
342,"Harold Martino",130.68,"Boa Vista","Roraima","Brazil"
112,"Rosa Reynolds",129.72,"Lancaster","California","United States"
560,"Jordan Archuleta",129.71,"Avellaneda","Buenos Aires","Argentina"
102,"Crystal Ford",129.70,"Ashdod","Ha Darom","Israel"
168,"Regina Berry",129.68,"Jinchang","Gansu","China"
484,"Roberto Vu",128.73,"Yinchuan","Ningxia","China"
103,"Gladys Hamilton",128.71,"Ilorin","Kwara & Kogi","Nigeria"
242,"Glenda Frazier",128.71,"Qinhuangdao","Hebei","China"
84,"Sara Perry",128.70,"Atlixco","Puebla","Mexico"
196,"Alma Austin",128.69,"Mannheim","Baden-Wrttemberg","Germany"
221,"Bessie Morrison",127.73,"Syrakusa","Sisilia","Italy"
448,"Miguel Betancourt",127.73,"Erlangen","Baijeri","Germany"
520,"Mitchell Westmoreland",127.69,"Nha Trang","Khanh Hoa","Vietnam"
141,"Debbie Reyes",127.69,"Fukuyama","Hiroshima","Japan"
38,"Martha Gonzalez",127.66,"Chisinau","Chisinau","Moldova"
200,"Jeanne Lawson",126.74,"Ashgabat","Ahal","Turkmenistan"
436,"Troy Quigley",126.73,"Vancouver","British Colombia","Canada"
146,"Jamie Rice",126.73,"Sterling Heights","Michigan","United States"
206,"Terri Vasquez",126.73,"Blumenau","Santa Catarina","Brazil"
108,"Tracy Cole",126.72,"Huixquilucan","Mxico","Mexico"
114,"Grace Ellis",126.70,"Duisburg","Nordrhein-Westfalen","Germany"
426,"Bradley Motley",125.74,"Purnea (Purnia)","Jharkhand","India"
482,"Maurice Crawley",125.74,"Coatzacoalcos","Veracruz","Mexico"
295,"Daisy Bates",125.72,"Kolpino","Pietari","Russian Federation"
147,"Joanne Robertson",125.68,"Urawa","Saitama","Japan"
354,"Justin Ngo",125.67,"Santo Andr","So Paulo","Brazil"
45,"Janet Phillips",124.74,"Antofagasta","Antofagasta","Chile"
89,"Julia Flores",124.71,"La Plata","Buenos Aires","Argentina"
198,"Elsie Kelley",124.68,"Ikerre","Ondo & Ekiti","Nigeria"
129,"Carrie Porter",124.66,"Liaocheng","Shandong","China"
2,"Patricia Johnson",123.74,"San Bernardino","California","United States"
300,"John Farnsworth",123.74,"Parbhani","Maharashtra","India"
506,"Leslie Seward",123.72,"Pontianak","Kalimantan Barat","Indonesia"
371,"Billy Poulin",123.71,"Cabuyao","Southern Tagalog","Philippines"
27,"Shirley Allen",123.70,"Davao","Southern Mindanao","Philippines"
51,"Alice Stewart",123.70,"Fontana","California","United States"
30,"Melissa King",123.66,"Lungtan","Taipei","Taiwan"
434,"Eddie Tomlin",122.74,"Ozamis","Northern Mindanao","Philippines"
92,"Tina Simmons",122.74,"Goinia","Gois","Brazil"
535,"Javier Elrod",122.72,"NDjamna","Chari-Baguirmi","Chad"
163,"Cathy Spencer",122.71,"Kakamigahara","Gifu","Japan"
244,"Viola Hanson",122.70,"Lapu-Lapu","Central Visayas","Philippines"
473,"Jorge Olivares",122.69,"Lhokseumawe","Aceh","Indonesia"
508,"Milton Howland",121.77,"Vijayawada","Andhra Pradesh","India"
166,"Lynn Payne",121.73,"Lilongwe","Lilongwe","Malawi"
497,"Gilbert Sledge",121.73,"York","England","United Kingdom"
451,"Jim Rea",121.70,"El Fuerte","Sinaloa","Mexico"
438,"Barry Lovelace",121.70,"Kitwe","Copperbelt","Zambia"
406,"Nathan Runyon",121.69,"Charlotte Amalie","St Thomas","Virgin Islands, U.S."
491,"Rick Mattox",120.75,"Mit Ghamr","al-Daqahliya","Egypt"
179,"Dana Hart",120.74,"Kirovo-Tepetsk","Kirov","Russian Federation"
423,"Alfred Casillas",120.74,"Sawhaj","Sawhaj","Egypt"
499,"Marc Outlaw",120.71,"Brindisi","Apulia","Italy"
122,"Thelma Murray",120.70,"Lima","Lima","Peru"
59,"Cheryl Murphy",119.76,"Mysore","Karnataka","India"
389,"Alan Kahn",119.75,"Emeishan","Sichuan","China"
487,"Hector Poindexter",119.74,"Pjatigorsk","Stavropol","Russian Federation"
207,"Gertrude Castillo",119.72,"Nuuk","Kitaa","Greenland"
306,"Charles Kowalski",119.72,"Sungai Petani","Kedah","Malaysia"
82,"Kathryn Coleman",118.76,"Simferopol","Krim","Ukraine"
41,"Stephanie Mitchell",118.75,"Yerevan","Yerevan","Armenia"
589,"Tracy Herrmann",118.75,"Loja","Loja","Ecuador"
565,"Jaime Nettles",118.73,"Hunuco","Huanuco","Peru"
35,"Virginia Green",118.70,"Toulouse","Midi-Pyrnes","France"
128,"Marjorie Tucker",118.70,"Jastrzebie-Zdrj","Slaskie","Poland"
230,"Joy George",118.69,"Botosani","Botosani","Romania"
285,"Miriam Mckinney",117.77,"Otsu","Shiga","Japan"
583,"Marshall Thorn",117.77,"Southampton","England","United Kingdom"
585,"Perry Swafford",117.76,"Quilmes","Buenos Aires","Argentina"
504,"Nathaniel Adam",117.75,"Joliet","Illinois","United States"
421,"Lee Hawks",117.75,"Pudukkottai","Tamil Nadu","India"
573,"Byron Box",117.72,"Zhezqazghan","Qaraghandy","Kazakstan"
49,"Joyce Edwards",116.76,"Jedda","Mekka","Saudi Arabia"
149,"Valerie Black",116.75,"Brockton","Massachusetts","United States"
253,"Terry Carlson",116.74,"Miyakonojo","Miyazaki","Japan"
274,"Naomi Jennings",116.73,"Karnal","Haryana","India"
263,"Hilda Hopkins",116.73,"Mandaluyong","National Capital Reg","Philippines"
71,"Kathy James",116.72,"Baybay","Eastern Visayas","Philippines"
356,"Gerald Fultz",116.71,"Satna","Madhya Pradesh","India"
56,"Gloria Cook",115.74,"Papeete","Tahiti","French Polynesia"
512,"Cecil Vines",115.74,"London","Ontario","United Kingdom"
529,"Erik Guillen",115.72,"Bhimavaram","Andhra Pradesh","India"
393,"Philip Causey",115.71,"Korolev","Moskova","Russian Federation"
158,"Veronica Stone",115.70,"Greensboro","North Carolina","United States"
279,"Dianne Shelton",114.76,"Tabriz","East Azerbaidzan","Iran"
54,"Teresa Rogers",114.74,"Iwakuni","Yamaguchi","Japan"
584,"Salvador Teel",114.73,"Banjul","Banjul","Gambia"
262,"Patsy Davidson",114.73,"Portoviejo","Manab","Ecuador"
107,"Florence Woods",114.72,"Merlo","Buenos Aires","Argentina"
388,"Craig Morrell",114.72,"Cavite","Southern Tagalog","Philippines"
1,"Mary Smith",114.70,"Sasebo","Nagasaki","Japan"
433,"Don Bone",113.77,"Naala-Porto","Nampula","Mozambique"
309,"Christopher Greco",113.75,"Brescia","Lombardia","Italy"
302,"Michael Silverman",113.74,"Tiefa","Liaoning","China"
266,"Nora Herrera",113.74,"Salzburg","Salzburg","Austria"
569,"Dave Gardiner",113.73,"Leshan","Sichuan","China"
139,"Amber Dixon",113.73,"Touliu","Ynlin","Taiwan"
416,"Jeffery Pinson",113.72,"Dadu","Sind","Pakistan"
314,"George Linton",113.71,"Sorocaba","So Paulo","Brazil"
260,"Christy Vargas",113.70,"Datong","Shanxi","China"
582,"Andy Vanhorn",112.76,"Huejutla de Reyes","Hidalgo","Mexico"
540,"Tyrone Asher",112.76,"Ruse","Ruse","Bulgaria"
63,"Ashley Richardson",112.75,"Lincoln","Nebraska","United States"
32,"Amy Lopez",112.74,"Jhansi","Uttar Pradesh","India"
131,"Monica Hicks",112.73,"Mukateve","Taka-Karpatia","Ukraine"
485,"Clyde Tobias",112.72,"Shaoguan","Guangdong","China"
453,"Calvin Martel",111.77,"Maracabo","Zulia","Venezuela"
225,"Arlene Harvey",111.76,"Ambattur","Tamil Nadu","India"
337,"Jerry Jordon",111.76,"Onomichi","Hiroshima","Japan"
577,"Clifton Malcolm",111.74,"Tanshui","Taipei","Taiwan"
113,"Cindy Fisher",111.73,"Cuman","Sucre","Venezuela"
579,"Daryl Larue",111.73,"Mosul","Ninawa","Iraq"
173,"Audrey Ray",111.73,"Graz","Steiermark","Austria"
592,"Terrance Roush",111.71,"Szkesfehrvr","Fejr","Hungary"
42,"Carolyn Perez",111.71,"Pak Kret","Nonthaburi","Thailand"
186,"Holly Fox",111.71,"Haldia","West Bengali","India"
531,"Jamie Waugh",110.77,"Kuwana","Mie","Japan"
258,"Myrtle Fleming",110.76,"Santiago de los Caballeros","Santiago","Dominican Republic"
495,"Charlie Bess",110.76,"Baiyin","Gansu","China"
515,"Andre Rapp",110.74,"Coquimbo","Coquimbo","Chile"
213,"Gina Williamson",110.73,"Taizz","Taizz","Yemen"
154,"Michele Grant",110.73,"Yuncheng","Shanxi","China"
90,"Ruby Washington",110.72,"Meixian","Guangdong","China"
559,"Everett Banda",110.72,"Bilbays","al-Sharqiya","Egypt"
595,"Terrence Gunderson",110.71,"Jinzhou","Liaoning","China"
241,"Heidi Larson",110.68,"Xiangfan","Hubei","China"
170,"Beatrice Arnold",109.77,"Udaipur","Rajasthan","India"
536,"Fernando Churchill",109.77,"Tonghae","Kang-won","South Korea"
575,"Isaac Oglesby",109.76,"Cuernavaca","Morelos","Mexico"
16,"Sandra Martin",109.75,"Southend-on-Sea","England","United Kingdom"
220,"Charlene Alvarez",109.75,"Zanzibar","Zanzibar West","Tanzania"
538,"Ted Breaux",109.73,"Baicheng","Jilin","China"
447,"Clifford Bowens",109.73,"Nabereznyje Telny","Tatarstan","Russian Federation"
376,"Randy Gaither",109.73,"Kurgan","Kurgan","Russian Federation"
446,"Theodore Culp",109.72,"Uluberia","West Bengali","India"
386,"Todd Tan",109.72,"Kamjanets-Podilskyi","Hmelnytskyi","Ukraine"
481,"Herman Devore",109.72,"Mwanza","Mwanza","Tanzania"
424,"Kyle Spurlock",109.71,"Shanwei","Guangdong","China"
284,"Sonia Gregory",108.78,"Benin City","Edo & Delta","Nigeria"
594,"Eduardo Hiatt",108.77,"Jining","Inner Mongolia","China"
277,"Olga Jimenez",108.76,"Ogbomosho","Oyo & Osun","Nigeria"
590,"Seth Hannon",108.76,"al-Manama","al-Manama","Bahrain"
518,"Gabriel Harder",108.75,"Sivas","Sivas","Turkey"
334,"Raymond Mcwhorter",108.75,"Sumqayit","Sumqayit","Azerbaijan"
574,"Julian Vest",108.73,"Akishima","Tokyo-to","Japan"
239,"Minnie Romero",108.72,"Ciomas","West Java","Indonesia"
167,"Sally Pierce",108.71,"Chandrapur","Maharashtra","India"
293,"Mae Fletcher",107.79,"Donostia-San Sebastin","Baskimaa","Spain"
571,"Johnnie Chisholm",107.78,"Plock","Mazowieckie","Poland"
427,"Jesus Mccartney",107.77,"Guaruj","So Paulo","Brazil"
332,"Stephen Qualls",107.74,"Dhaka","Dhaka","Bangladesh"
441,"Mario Cheatham",107.73,"Batna","Batna","Algeria"
588,"Marion Ocampo",107.73,"Weifang","Shandong","China"
145,"Lucille Holmes",107.73,"Soshanguve","Gauteng","South Africa"
157,"Darlene Rose",107.71,"Pyongyang","Pyongyang-si","North Korea"
254,"Maxine Silva",107.70,"Poos de Caldas","Minas Gerais","Brazil"
418,"Jeff East",107.70,"San Felipe de Puerto Plata","Puerto Plata","Dominican Republic"
91,"Lois Butler",107.66,"Bandar Seri Begawan","Brunei and Muara","Brunei"
477,"Dan Paine",106.79,"Stockport","England","United Kingdom"
240,"Marlene Welch",106.77,"Iwaki","Fukushima","Japan"
343,"Douglas Graf",106.77,"Mexicali","Baja California","Mexico"
155,"Gail Knight",106.76,"Bern","Bern","Switzerland"
234,"Claudia Fuller",106.75,"Jalib al-Shuyukh","Hawalli","Kuwait"
116,"Victoria Gibson",106.74,"Pemalang","Central Java","Indonesia"
471,"Dean Sauer",106.74,"Johannesburg","Gauteng","South Africa"
160,"Erin Dunn",106.73,"Ljubertsy","Moskova","Russian Federation"
457,"Bill Gavin",106.73,"Rockford","Illinois","United States"
23,"Sarah Lewis",106.73,"Liepaja","Liepaja","Latvia"
52,"Julie Sanchez",106.72,"A Corua (La Corua)","Galicia","Spain"
138,"Hazel Warren",106.68,"Hohhot","Inner Mongolia","China"
490,"Sam Mcduffie",105.78,"Sogamoso","Boyac","Colombia"
331,"Eric Robert",105.78,"Santa F","Santa F","Argentina"
127,"Elaine Stevens",105.78,"Smolensk","Smolensk","Russian Federation"
294,"Shelly Watts",105.77,"Dayton","Ohio","United States"
193,"Katie Elliott",105.77,"Kisumu","Nyanza","Kenya"
400,"Bryan Hardison",105.76,"Dallas","Texas","United States"
58,"Jean Bell",105.76,"Kuching","Sarawak","Malaysia"
40,"Amanda Carter",105.74,"Nador","Oriental","Morocco"
396,"Earl Shanks",105.74,"Iwatsuki","Saitama","Japan"
96,"Diana Alexander",105.73,"Augusta-Richmond County","Georgia","United States"
444,"Marcus Hidalgo",105.72,"Tartu","Tartumaa","Estonia"
28,"Cynthia Young",105.70,"Munger (Monghyr)","Bihar","India"
345,"Carl Artis",104.79,"San Lorenzo","Central","Paraguay"
493,"Brent Harkins",104.78,"Sultanbeyli","Istanbul","Turkey"
289,"Violet Rodriquez",104.76,"Kowloon and New Kowloon","Kowloon and New Kowl","Hong Kong"
171,"Dolores Wagner",104.75,"Ipoh","Perak","Malaysia"
121,"Josephine Gomez",104.75,"Etawah","Uttar Pradesh","India"
407,"Dale Ratcliff",104.74,"Rustenburg","North West","South Africa"
31,"Brenda Wright",104.74,"Kamarhati","West Bengali","India"
25,"Deborah Walker",104.73,"Shikarpur","Sind","Pakistan"
397,"Jimmy Schrader",104.72,"Atinsk","Krasnojarsk","Russian Federation"
442,"Leroy Bustamante",104.71,"Tongliao","Inner Mongolia","China"
341,"Peter Menard",103.78,"Ede","Gelderland","Netherlands"
280,"Tracey Barrett",103.77,"Owo","Ondo & Ekiti","Nigeria"
296,"Ramona Hale",103.77,"Patiala","Punjab","India"
214,"Kristin Johnston",103.74,"Sunnyvale","California","United States"
202,"Carla Gutierrez",103.74,"Bhusawal","Maharashtra","India"
245,"Courtney Day",103.74,"Uijongbu","Kyonggi","South Korea"
408,"Manuel Murrell",103.73,"Jaffna","Northern","Sri Lanka"
20,"Sharon Robinson",103.73,"Mardan","Nothwest Border Prov","Pakistan"
292,"Misty Lambert",102.78,"Sharja","Sharja","United Arab Emirates"
553,"Max Pitt",102.77,"Novi Sad","Vojvodina","Yugoslavia"
510,"Ben Easter",102.77,"Kamyin","Volgograd","Russian Federation"
98,"Lillian Griffin",102.76,"al-Ayn","Abu Dhabi","United Arab Emirates"
587,"Sergio Stanfield",102.76,"Celaya","Guanajuato","Mexico"
190,"Yolanda Weaver",102.75,"Tabora","Tabora","Tanzania"
126,"Ellen Simpson",102.75,"Po","So Paulo","Brazil"
44,"Marie Turner",101.79,"Lipetsk","Lipetsk","Russian Federation"
466,"Leo Ebert",101.78,"Dongying","Shandong","China"
100,"Robin Hayes",101.77,"Jelets","Lipetsk","Russian Federation"
593,"Rene Mcalister",101.76,"Garden Grove","California","United States"
405,"Leonard Schofield",101.70,"Tandil","Buenos Aires","Argentina"
486,"Glen Talbert",100.77,"Acua","Coahuila de Zaragoza","Mexico"
572,"Sidney Burleson",100.76,"Czestochowa","Slaskie","Poland"
517,"Brad Mccurdy",100.76,"Chungho","Taipei","Taiwan"
219,"Willie Howell",100.75,"Vicente Lpez","Buenos Aires","Argentina"
251,"Vickie Brewer",100.75,"Halle/Saale","Anhalt Sachsen","Germany"
135,"Juanita Mason",100.72,"Pune","Maharashtra","India"
519,"Ron Deluca",99.78,"Isesaki","Gumma","Japan"
11,"Lisa Anderson",99.77,"Sagamihara","Kanagawa","Japan"
57,"Evelyn Morgan",99.74,"Vaduz","Vaduz","Liechtenstein"
297,"Sherri Rhodes",99.74,"Ahmadnagar","Maharashtra","India"
563,"Ken Prewitt",99.73,"Bucuresti","Bukarest","Romania"
503,"Angel Barclay",99.72,"Ueda","Nagano","Japan"
452,"Tom Milner",99.71,"Abu Dhabi","Abu Dhabi","United Arab Emirates"
381,"Bobby Boudreau",99.68,"South Hill","","Anguilla"
19,"Ruth Martinez",98.82,"Kimberley","Northern Cape","South Africa"
329,"Frank Waggoner",98.77,"Jamalpur","Dhaka","Bangladesh"
175,"Annette Olson",98.76,"Allappuzha (Alleppey)","Kerala","India"
537,"Clinton Buford",98.76,"Aurora","Colorado","United States"
425,"Francis Sikes",98.75,"San Juan Bautista Tuxtepec","Oaxaca","Mexico"
264,"Gwendolyn May",98.75,"Higashiosaka","Osaka","Japan"
374,"Jeremy Hurtado",98.75,"Vitria de Santo Anto","Pernambuco","Brazil"
580,"Ross Grey",98.74,"Iligan","Central Mindanao","Philippines"
367,"Adam Gooch",97.80,"Adoni","Andhra Pradesh","India"
65,"Rose Howard",97.80,"Cayenne","Cayenne","French Guiana"
460,"Leon Bostic",97.79,"Florencia","Caquet","Colombia"
192,"Laurie Lawrence",97.78,"Firozabad","Uttar Pradesh","India"
475,"Pedro Chestnut",97.78,"ostka","Sumy","Ukraine"
409,"Rodney Moeller",97.78,"Deba Habe","Bauchi & Gombe","Nigeria"
562,"Wallace Slone",97.78,"Sokoto","Sokoto & Kebbi & Zam","Nigeria"
123,"Shannon Freeman",97.77,"Varanasi (Benares)","Uttar Pradesh","India"
581,"Virgil Wofford",97.75,"Jos Azueta","Guerrero","Mexico"
256,"Mabel Holland",97.75,"Monywa","Sagaing","Myanmar"
268,"Nina Soto",96.79,"Palghat (Palakkad)","Kerala","India"
269,"Cassandra Walters",96.79,"Salinas","California","United States"
379,"Carlos Coughlin",96.79,"Bhavnagar","Gujarat","India"
352,"Albert Crouse",96.78,"Bamenda","Nord-Ouest","Cameroon"
83,"Louise Jenkins",96.78,"Springs","Gauteng","South Africa"
14,"Betty White",96.77,"Citrus Heights","California","United States"
414,"Vincent Ralston",96.77,"Allende","Guanajuato","Mexico"
445,"Micheal Forman",96.76,"Escobar","Buenos Aires","Argentina"
317,"Edward Baugh",96.76,"Trshavn","Streymoyar","Faroe Islands"
286,"Velma Lucas",96.76,"Effon-Alaiye","Oyo & Osun","Nigeria"
422,"Melvin Ellington",96.75,"Laohekou","Hubei","China"
500,"Reginald Kinder",96.75,"Madiun","East Java","Indonesia"
74,"Denise Kelly",96.74,"Rio Claro","So Paulo","Brazil"
554,"Dwayne Olvera",95.80,"Rajkot","Gujarat","India"
578,"Willard Lumpkin",95.79,"Carmen","Campeche","Mexico"
106,"Connie Wallace",95.79,"Ivanovo","Ivanovo","Russian Federation"
488,"Shane Millard",95.78,"La Paz","Baja California Sur","Mexico"
324,"Gary Coy",95.78,"Yuzhou","Henan","China"
541,"Darren Windham",95.78,"Livorno","Toscana","Italy"
180,"Stacy Cunningham",95.78,"Pereira","Risaralda","Colombia"
456,"Ronnie Ricketts",95.76,"Ziguinchor","Ziguinchor","Senegal"
339,"Walter Perryman",95.76,"Xinxiang","Henan","China"
199,"Beth Franklin",95.76,"Haiphong","Haiphong","Vietnam"
132,"Esther Crawford",95.72,"Botshabelo","Free State","South Africa"
22,"Laura Rodriguez",94.81,"Sal","Rabat-Sal-Zammour-Z","Morocco"
68,"Nicole Peterson",94.78,"Shivapuri","Madhya Pradesh","India"
150,"Danielle Daniels",94.78,"Hidalgo","Michoacn de Ocampo","Mexico"
276,"Brandy Graves",94.77,"Warren","Michigan","United States"
153,"Suzanne Nichols",94.76,"Jakarta","Jakarta Raya","Indonesia"
10,"Dorothy Taylor",94.76,"Esfahan","Esfahan","Iran"
546,"Kelly Knott",94.76,"Sanya","Hainan","China"
161,"Geraldine Perkins",94.76,"Tel Aviv-Jaffa","Tel Aviv","Israel"
111,"Carmen Owens",94.75,"Caracas","Distrito Federal","Venezuela"
321,"Kevin Schuler",93.83,"Birgunj","Central","Nepal"
432,"Edwin Burk",93.80,"Newcastle","KwaZulu-Natal","South Africa"
528,"Claude Herzog",93.80,"Benguela","Benguela","Angola"
443,"Francisco Skidmore",93.79,"So Leopoldo","Rio Grande do Sul","Brazil"
319,"Ronald Weiner",93.79,"San Felipe del Progreso","Mxico","Mexico"
105,"Dawn Sullivan",93.78,"Funafuti","Funafuti","Tuvalu"
336,"Joshua Mark",93.78,"Rampur","Uttar Pradesh","India"
385,"Phillip Holm",93.76,"Tama","Ibaragi","Japan"
229,"Tamara Nguyen",93.75,"Anpolis","Gois","Brazil"
383,"Martin Bales",93.75,"Namibe","Namibe","Angola"
377,"Howard Fortner",93.74,"Kermanshah","Kermanshah","Iran"
12,"Nancy Thomas",93.74,"Yamuna Nagar","Haryana","India"
47,"Frances Parker",92.81,"Juazeiro do Norte","Cear","Brazil"
544,"Cody Nolen",92.80,"So Bernardo do Campo","So Paulo","Brazil"
307,"Joseph Joy",92.80,"Angra dos Reis","Rio de Janeiro","Brazil"
365,"Bruce Schwarz",92.79,"Okinawa","Okinawa","Japan"
81,"Andrea Henderson",92.79,"Mahajanga","Mahajanga","Madagascar"
431,"Joel Francisco",92.78,"Sucre","Chuquisaca","Bolivia"
511,"Chester Benner",92.78,"Suihua","Heilongjiang","China"
516,"Elmer Noe",92.76,"Battambang","Battambang","Cambodia"
182,"Renee Lane",92.76,"Compton","California","United States"
275,"Carole Barnett",92.75,"Peoria","Illinois","United States"
474,"Dustin Gillette",92.75,"Emmen","Drenthe","Netherlands"
188,"Melanie Armstrong",92.75,"Bayugan","Caraga","Philippines"
505,"Rafael Abney",91.81,"Talavera","Central Luzon","Philippines"
489,"Ricardo Meador",91.81,"Okayama","Okayama","Japan"
212,"Wilma Richards",91.80,"Bellevue","Washington","United States"
37,"Pamela Baker",91.79,"Nanyang","Henan","China"
417,"Travis Estep",91.78,"al-Qatif","al-Sharqiya","Saudi Arabia"
201,"Vicki Fields",91.78,"Witten","Nordrhein-Westfalen","Germany"
392,"Sean Douglass",91.77,"Addis Abeba","Addis Abeba","Ethiopia"
323,"Matthew Mahan",91.75,"Cuautla","Morelos","Mexico"
570,"Ivan Cromwell",91.75,"Monclova","Coahuila de Zaragoza","Mexico"
64,"Judith Cox",91.70,"Daxian","Sichuan","China"
216,"Natalie Meyer",90.78,"Aparecida de Goinia","Gois","Brazil"
261,"Deanna Byrd",90.78,"Tuguegarao","Cagayan Valley","Philippines"
99,"Emily Diaz",90.77,"Kimchon","Kyongsangbuk","South Korea"
36,"Kathleen Adams",90.75,"Arak","Markazi","Iran"
461,"Derek Blakely",90.73,"Gingoog","Northern Mindanao","Philippines"
552,"Hugh Waldrop",89.80,"Haining","Zhejiang","China"
333,"Andrew Purdy",89.78,"Baku","Baki","Azerbaijan"
43,"Christine Roberts",89.78,"Faaa","Tahiti","French Polynesia"
73,"Beverly Brooks",89.78,"Chiayi","Chiayi","Taiwan"
364,"Benjamin Varney",89.78,"Guadalajara","Jalisco","Mexico"
235,"Jackie Lynch",89.77,"Buenaventura","Valle","Colombia"
233,"Lillie Kim",89.77,"Idfu","Qina","Egypt"
156,"Bertha Ferguson",89.77,"Ondo","Ondo & Ekiti","Nigeria"
69,"Judy Gray",89.77,"Bchar","Bchar","Algeria"
507,"Edgar Rhoads",89.77,"Eskisehir","Eskisehir","Turkey"
34,"Rebecca Scott",89.76,"Kurashiki","Okayama","Japan"
463,"Darrell Power",89.76,"Halifax","Nova Scotia","Canada"
361,"Lawrence Lawton",89.71,"Yaound","Centre","Cameroon"
247,"Stella Moreno",88.81,"Coacalco de Berriozbal","Mxico","Mexico"
249,"Dora Medina",88.81,"Tianjin","Tianjin","China"
33,"Anna Hill",88.80,"Alessandria","Piemonte","Italy"
375,"Aaron Selby",88.80,"Mwene-Ditu","East Kasai","Congo, The Democratic Republic of the"
60,"Mildred Bailey",88.78,"Jaipur","Rajasthan","India"
415,"Glenn Pullen",88.78,"Amersfoort","Utrecht","Netherlands"
231,"Georgia Jacobs",88.77,"Uttarpara-Kotrung","West Bengali","India"
53,"Heather Morris",88.76,"Nagareyama","Chiba","Japan"
133,"Pauline Henry",88.75,"Torren","Coahuila de Zaragoza","Mexico"
72,"Theresa Watson",88.73,"Taguig","National Capital Reg","Philippines"
17,"Donna Thompson",87.82,"Elista","Kalmykia","Russian Federation"
203,"Tara Ryan",87.81,"Gorontalo","Sulawesi Utara","Indonesia"
305,"Richard Mccrary",87.80,"Arlington","Texas","United States"
476,"Derrick Bourque",87.80,"Gatineau","Qubec","Canada"
523,"Harvey Guajardo",87.80,"Vinh","Nghe An","Vietnam"
547,"Kurt Emmons",87.80,"Kanazawa","Ishikawa","Japan"
226,"Maureen Little",87.79,"Asuncin","Asuncin","Paraguay"
189,"Loretta Carpenter",87.79,"Oshawa","Ontario","Canada"
130,"Charlotte Hunter",87.78,"guas Lindas de Gois","Gois","Brazil"
351,"Jack Foust",87.77,"Zeleznogorsk","Krasnojarsk","Russian Federation"
597,"Freddie Duggan",87.77,"Sullana","Piura","Peru"
509,"Raul Fortier",86.82,"Chapra","Bihar","India"
195,"Vanessa Sims",86.81,"Siegen","Nordrhein-Westfalen","Germany"
478,"Lewis Lyman",86.81,"Ashqelon","Ha Darom","Israel"
238,"Nellie Garrett",86.81,"Shimoga","Karnataka","India"
501,"Ruben Geary",86.81,"Lublin","Lubelskie","Poland"
67,"Kelly Torres",86.80,"Xiangtan","Hunan","China"
169,"Erica Matthews",86.80,"Pingxiang","Jiangxi","China"
217,"Agnes Bishop",86.79,"Sambhal","Uttar Pradesh","India"
232,"Constance Reid",86.77,"Zaria","Kaduna","Nigeria"
101,"Peggy Myers",86.77,"Abha","Asir","Saudi Arabia"
419,"Chad Carbone",86.76,"Katihar","Bihar","India"
561,"Ian Still",86.75,"Garland","Texas","United States"
228,"Allison Stanley",86.75,"Phnom Penh","Phnom Penh","Cambodia"
208,"Lucy Wheeler",86.75,"Balurghat","West Bengali","India"
115,"Wendy Harrison",86.73,"Nezahualcyotl","Mxico","Mexico"
567,"Alfredo Mcadams",85.80,"Serpuhov","Moskova","Russian Federation"
437,"Randall Neumann",85.80,"La Romana","La Romana","Dominican Republic"
455,"Jon Wiles",85.78,"El Alto","La Paz","Bolivia"
359,"Willie Markham",85.78,"Almirante Brown","Buenos Aires","Argentina"
382,"Victor Barkley",85.78,"Manchester","New Hampshire","United States"
24,"Kimberly Lee",85.77,"Crdoba","Crdoba","Argentina"
8,"Susan Wilson",85.77,"Hamilton","Hamilton","New Zealand"
77,"Jane Bennett",85.77,"Araatuba","So Paulo","Brazil"
450,"Jay Robb",85.75,"Surakarta","Central Java","Indonesia"
542,"Lonnie Tirado",84.84,"Pangkal Pinang","Sumatera Selatan","Indonesia"
545,"Julio Noland",84.81,"Konotop","Sumy","Ukraine"
55,"Doris Reed",84.81,"Balaiha","Moskova","Russian Federation"
539,"Mathew Bolin",84.80,"Valencia","Carabobo","Venezuela"
88,"Bonnie Hughes",84.80,"Cheju","Cheju","South Korea"
299,"James Gannon",84.79,"Hiroshima","Hiroshima","Japan"
6,"Jennifer Davis",84.75,"Laredo","Texas","United States"
140,"Eva Ramos",83.82,"Clarksville","Tennessee","United States"
480,"Corey Hauser",83.81,"Gaziantep","Gaziantep","Turkey"
143,"Leslie Gordon",83.80,"Kilis","Kilis","Turkey"
440,"Bernard Colby",83.79,"Dhule (Dhulia)","Maharashtra","India"
598,"Wade Delvalle",83.78,"Lausanne","Vaud","Switzerland"
340,"Patrick Newsom",83.77,"Hanoi","Hanoi","Vietnam"
496,"Tyler Wren",82.81,"Rizhao","Shandong","China"
564,"Bob Pfeiffer",82.78,"Xintai","Shandong","China"
498,"Gene Sanborn",82.76,"Salala","Zufar","Oman"
524,"Jared Ely",81.83,"Purwakarta","West Java","Indonesia"
483,"Vernon Chapa",81.83,"Denizli","Denizli","Turkey"
174,"Yvonne Watkins",81.81,"Ocumare del Tuy","Miranda","Venezuela"
308,"Thomas Grigsby",81.81,"Kansas City","Missouri","United States"
322,"Jason Morrissey",81.81,"Baha Blanca","Buenos Aires","Argentina"
312,"Mark Rinehart",81.80,"Tabuk","Tabuk","Saudi Arabia"
165,"Lorraine Stephens",81.80,"Hami","Xinxiang","China"
534,"Christian Jung",81.78,"Amroha","Uttar Pradesh","India"
4,"Barbara Jones",81.78,"Myingyan","Mandalay","Myanmar"
215,"Jessie Banks",81.76,"Stara Zagora","Haskovo","Bulgaria"
527,"Cory Meehan",81.76,"Mogiljov","Mogiljov","Belarus"
151,"Megan Palmer",81.75,"Laiwu","Shandong","China"
311,"Paul Trout",80.85,"Kursk","Kursk","Russian Federation"
449,"Oscar Aquino",80.83,"Sirjan","Kerman","Iran"
205,"Eileen Carr",80.82,"Ciudad del Este","Alto Paran","Paraguay"
316,"Steven Curley",80.81,"Miraj","Maharashtra","India"
184,"Vivian Ruiz",80.80,"s-Hertogenbosch","Noord-Brabant","Netherlands"
290,"Kristina Chambers",80.78,"Valle de la Pascua","Gurico","Venezuela"
287,"Becky Miles",80.78,"Tambaram","Tamil Nadu","India"
357,"Keith Rico",80.77,"Bratislava","Bratislava","Slovakia"
521,"Roland South",80.77,"Yingkou","Liaoning","China"
304,"David Royal",79.81,"Callao","Callao","Peru"
109,"Edna West",79.81,"Klerksdorp","North West","South Africa"
282,"Jenny Castro",79.80,"Ponce","Ponce","Puerto Rico"
185,"Roberta Harper",79.80,"Shahr-e Kord","Chaharmahal va Bakht","Iran"
387,"Jesse Schilling",79.78,"Lubumbashi","Shaba","Congo, The Democratic Republic of the"
391,"Clarence Gamez",79.75,"Izumisano","Osaka","Japan"
429,"Frederick Isbell",78.84,"Tsuyama","Okayama","Japan"
599,"Austin Cintron",78.82,"Tieli","Heilongjiang","China"
18,"Carol Garcia",78.81,"Kaduna","Kaduna","Nigeria"
9,"Margaret Moore",78.80,"Masqat","Masqat","Oman"
338,"Dennis Gilman",78.80,"Paarl","Western Cape","South Africa"
62,"Joan Cooper",78.79,"Saint Louis","Missouri","United States"
298,"Erika Pena",78.79,"Oulu","Pohjois-Pohjanmaa","Finland"
227,"Colleen Burton",78.78,"Saarbrcken","Saarland","Germany"
435,"Ricky Shelby",78.77,"Junan","Shandong","China"
223,"Melinda Fernandez",77.84,"Mandi Bahauddin","Punjab","Pakistan"
402,"Luis Yanez",77.81,"Brest","Bretagne","France"
134,"Emma Boyd",77.81,"Qalyub","al-Qalyubiya","Egypt"
394,"Chris Brothers",77.80,"Gijn","Asturia","Spain"
384,"Ernest Stepp",77.79,"Huaian","Jiangsu","China"
104,"Rita Graham",77.78,"Toulon","Provence-Alpes-Cte","France"
243,"Lydia Burke",77.77,"San Miguel de Tucumn","Tucumn","Argentina"
246,"Marian Mendoza",76.82,"Maring","Paran","Brazil"
93,"Phyllis Foster",76.80,"Zalantun","Inner Mongolia","China"
118,"Kim Cruz",76.80,"Grand Prairie","Texas","United States"
224,"Pearl Garza",76.78,"Jodhpur","Rajasthan","India"
70,"Christina Ramirez",75.83,"al-Hawiya","Mekka","Saudi Arabia"
270,"Leah Curtis",75.81,"Kalisz","Wielkopolskie","Poland"
358,"Samuel Marlow",75.80,"Ranchi","Jharkhand","India"
551,"Clayton Barbee",75.79,"Alvorada","Rio Grande do Sul","Brazil"
183,"Ida Andrews",75.78,"Luzinia","Gois","Brazil"
530,"Darryl Ashcraft",75.78,"Ezeiza","Buenos Aires","Argentina"
194,"Kristen Chavez",74.84,"Hino","Tokyo-to","Japan"
555,"Dwight Lombardi",74.83,"Chatsworth","KwaZulu-Natal","South Africa"
412,"Allen Butterfield",74.83,"Hoshiarpur","Punjab","India"
327,"Larry Thrasher",74.81,"Adana","Adana","Turkey"
420,"Jacob Lance",74.80,"El Monte","California","United States"
76,"Irene Price",74.79,"Pavlodar","Pavlodar","Kazakstan"
142,"April Burns",74.77,"Dundee","Scotland","United Kingdom"
398,"Antonio Meek",73.85,"Bag","Rio Grande do Sul","Brazil"
291,"Toni Holt",73.83,"Roanoke","Virginia","United States"
399,"Danny Isom",73.82,"Okara","Punjab","Pakistan"
152,"Alicia Mills",73.81,"Nagaon","Assam","India"
428,"Herbert Kruger",73.81,"Syktyvkar","Komi","Russian Federation"
79,"Rachel Barnes",73.81,"Kamakura","Kanagawa","Japan"
543,"Lance Pemberton",73.80,"Beni-Mellal","Tadla-Azilal","Morocco"
335,"Gregory Mauldin",73.78,"Sousse","Sousse","Tunisia"
596,"Enrique Forsythe",73.78,"Patras","West Greece","Greece"
411,"Norman Currier",73.76,"Cianjur","West Java","Indonesia"
95,"Paula Bryant",72.83,"Pathankot","Punjab","India"
325,"Timothy Bunn",72.82,"Braslia","Distrito Federal","Brazil"
556,"Armando Gruber",72.82,"Southport","England","United Kingdom"
85,"Anne Powell",72.79,"Bradford","England","United Kingdom"
301,"Robert Baughman",71.85,"Kaliningrad","Kaliningrad","Russian Federation"
222,"Delores Hansen",71.84,"Jaroslavl","Jaroslavl","Russian Federation"
94,"Norma Gonzales",71.81,"Bislig","Caraga","Philippines"
430,"Ray Houle",71.80,"Dzerzinsk","Nizni Novgorod","Russian Federation"
278,"Billie Horton",71.79,"Inegl","Bursa","Turkey"
177,"Samantha Duncan",71.77,"Matamoros","Tamaulipas","Mexico"
255,"Irma Pearson",70.82,"Hagonoy","Central Luzon","Philippines"
378,"Eugene Culpepper",70.82,"Shenzhen","Guangdong","China"
303,"William Satterfield",70.81,"Sanaa","Sanaa","Yemen"
370,"Wayne Truong",70.81,"Gulbarga","Karnataka","India"
117,"Edith Mcdonald",69.83,"Gandhinagar","Gujarat","India"
514,"Franklin Troutman",69.79,"Zaoyang","Hubei","China"
369,"Fred Wheat",69.79,"Jurez","Chihuahua","Mexico"
310,"Daniel Cabral",68.87,"Ibirit","Minas Gerais","Brazil"
465,"Floyd Gandy",68.84,"Zapopan","Jalisco","Mexico"
525,"Adrian Clary",68.82,"Udine","Friuli-Venezia Giuli","Italy"
355,"Terry Grissom",68.81,"Matsue","Shimane","Japan"
283,"Felicia Sutton",68.77,"Korla","Xinxiang","China"
464,"Jerome Kenyon",67.86,"Rancagua","OHiggins","Chile"
48,"Ann Evans",67.86,"Niznekamsk","Tatarstan","Russian Federation"
315,"Kenneth Gooden",67.86,"Bat Yam","Tel Aviv","Israel"
218,"Vera Mccoy",67.82,"Kabul","Kabol","Afghanistan"
191,"Jeanette Greene",66.82,"Novoterkassk","Rostov-na-Donu","Russian Federation"
458,"Lloyd Dowd",66.81,"Tegal","Central Java","Indonesia"
568,"Alberto Henning",66.79,"Barcelona","Anzotegui","Venezuela"
272,"Kay Caldwell",65.87,"Yantai","Shandong","China"
328,"Jeffrey Spear",65.83,"Ciparay","West Java","Indonesia"
353,"Jonathan Scarborough",65.83,"Pachuca de Soto","Hidalgo","Mexico"
413,"Marvin Yee",65.81,"Berhampore (Baharampur)","West Bengali","India"
164,"Joann Gardner",64.85,"Tarsus","Adana","Turkey"
344,"Henry Billingsley",64.84,"Nukualofa","Tongatapu","Tonga"
326,"Jose Andrew",64.82,"Kingstown","St George","Saint Vincent and the Grenadines"
313,"Donald Mahon",63.84,"Ezhou","Hubei","China"
548,"Allan Cornish",63.84,"Tarlac","Central Luzon","Philippines"
350,"Juan Fraley",63.79,"Teboksary","Tuvassia","Russian Federation"
557,"Felix Gaffney",63.78,"Vilnius","Vilna","Lithuania"
492,"Lester Kraus",62.85,"Kanchrapara","West Bengali","India"
549,"Nelson Christenson",62.84,"Santiago de Compostela","Galicia","Spain"
401,"Tony Carranza",62.81,"Koriyama","Fukushima","Japan"
330,"Scott Shelley",60.82,"Aurora","Illinois","United States"
136,"Anita Morales",59.86,"Hubli-Dharwad","Karnataka","India"
162,"Lauren Hudson",59.83,"Le Mans","Pays de la Loire","France"
159,"Jill Hawkins",58.83,"Linz","North Austria","Austria"
97,"Annie Russell",58.82,"Tete","Tete","Mozambique"
252,"Mattie Hoffman",58.80,"London","England","United Kingdom"
61,"Katherine Rivera",57.87,"Basel","Basel-Stadt","Switzerland"
124,"Sheila Wells",57.86,"Ktahya","Ktahya","Turkey"
395,"Johnny Turpin",57.81,"al-Qadarif","al-Qadarif","Sudan"
271,"Penny Neal",56.84,"Kumbakonam","Tamil Nadu","India"
250,"Jo Fowler",54.85,"Oyo","Oyo & Osun","Nigeria"
288,"Bobbie Craig",52.81,"Valle de Santiago","Guanajuato","Mexico"
586,"Kirk Stclair",50.83,"Tsaotun","Nantou","Taiwan"
110,"Tiffany Jordan",49.88,"Enshi","Hubei","China"
320,"Anthony Schwab",47.85,"Tafuna","Tutuila","American Samoa"
248,"Caroline Bowman",37.87,"Tallahassee","Florida","United States"
281,"Leona Obrien",32.90,"Fuzhou","Fujian","China"
318,"Brian Wyman",27.93,"Bydgoszcz","Kujawsko-Pomorskie","Poland"
